date,open,high,low,close,volume
2024-07-08 04:00:00+00:00,225.1397532025748,225.89323602358715,221.33273465594922,225.86349487304688,59085900
2024-07-09 04:00:00+00:00,225.97252074204383,227.42989753320916,224.4259205051531,226.71607971191406,48076100
2024-07-10 04:00:00+00:00,227.3307677065015,231.0783037422216,227.28119408246098,230.97915649414062,62627700
2024-07-11 04:00:00+00:00,229.40283250811748,230.39424455320685,223.83110165559438,225.6156463623047,64710600
2024-07-12 04:00:00+00:00,226.95403700304678,230.64209091466597,226.71609267309665,228.56011962890625,53046500
2024-07-15 04:00:00+00:00,234.44908623752588,235.1926451763578,231.08820043911544,232.38694763183594,62631300
2024-07-16 04:00:00+00:00,232.98182214446476,234.2409196318231,230.3347538954296,232.80337524414062,43234300
2024-07-17 04:00:00+00:00,227.4794799069808,229.47222770464353,224.6936146131452,226.9143829345703,57345900
2024-07-18 04:00:00+00:00,228.30231800055432,228.46094752609622,220.36111458394757,222.25469970703125,66034600
2024-07-19 04:00:00+00:00,222.88923571935766,224.8522270905052,221.36245288688534,222.38360595703125,49151500
2024-07-22 04:00:00+00:00,225.06043082550624,225.82382229500527,221.17409763275575,222.03663635253906,48201800
2024-07-23 04:00:00+00:00,222.44308791792702,224.9910238167192,220.76759935066607,223.0775909423828,39960300
2024-07-24 04:00:00+00:00,222.0762625279836,222.86939506256107,215.2652677100796,216.66314697265625,61777600
2024-07-25 04:00:00+00:00,217.04976681684366,218.95329068619358,212.7767846016598,215.6221466064453,51391200
2024-07-26 04:00:00+00:00,216.82180047841348,217.60502442671483,214.15489978899527,216.08816528320312,41601300
2024-07-29 04:00:00+00:00,215.09676223529075,217.41666277155184,213.89714701413598,216.3657684326172,36311800
2024-07-30 04:00:00+00:00,217.30756370891964,218.43777260182014,214.26392209769764,216.92091369628906,41643800
2024-07-31 04:00:00+00:00,219.5382417741392,221.8978068103832,218.73520059867647,220.17274475097656,50036300
2024-08-01 04:00:00+00:00,222.44310665442717,222.55216258005441,215.15623749650504,216.48472595214844,62501000
2024-08-02 04:00:00+00:00,217.26790792406092,223.6625266661827,215.8402875210575,217.97181701660156,105568600
2024-08-05 04:00:00+00:00,197.38019703112641,211.66644653820467,194.31673780556494,207.4727783203125,119548600
2024-08-06 04:00:00+00:00,203.53688424769564,208.18660889381388,199.3432157724579,205.45030212402344,69660500
2024-08-07 04:00:00+00:00,205.12313014700663,211.80525225793107,204.61751548926864,208.01806640625,63516400
2024-08-08 04:00:00+00:00,211.27980900719393,212.36044444161047,207.0365669160157,211.47808837890625,47161100
2024-08-09 04:00:00+00:00,210.2784745623819,214.91827509282652,210.1495861717322,214.38291931152344,42201600
2024-08-12 04:00:00+00:00,214.4623401059105,217.8767320905019,213.9958359256548,215.91146850585938,38028100
2024-08-13 04:00:00+00:00,217.38044783379533,220.23902400333975,217.38044783379533,219.62364196777344,44155300
2024-08-14 04:00:00+00:00,218.9288446755302,221.37053243582614,218.06530765715263,220.07028198242188,41960600
2024-08-15 04:00:00+00:00,222.92888658909135,223.67330627029455,221.10256546081067,223.04798889160156,46414000
2024-08-16 04:00:00+00:00,222.25391598005478,225.14226768918678,221.98592068094572,224.36807250976562,44340200
2024-08-19 04:00:00+00:00,224.04054098731652,224.30853630427512,221.38047353975193,224.2092742919922,40687800
2024-08-20 04:00:00+00:00,224.0901616619868,225.47973889834265,223.7725353535306,224.82464599609375,30299000
2024-08-21 04:00:00+00:00,224.8345868015738,226.28371522001356,223.37552309496598,224.71546936035156,34765500
2024-08-22 04:00:00+00:00,226.0950979165247,226.64100861280963,222.2340424758978,222.85935974121094,43695300
2024-08-23 04:00:00+00:00,223.9809934126029,226.5219434569281,222.66088738350675,225.15220642089844,38677300
2024-08-26 04:00:00+00:00,225.0727813784282,225.58891654674125,222.22414052811973,225.48965454101562,30602200
2024-08-27 04:00:00+00:00,224.31846403822652,227.147264886192,223.21672230373292,226.33335876464844,35934600
2024-08-28 04:00:00+00:00,226.22416240429726,228.149730282918,224.00082364270057,224.8048095703125,38052200
2024-08-29 04:00:00+00:00,228.38796742499142,231.18697758967758,227.1770435151196,228.08026123046875,51906300
2024-08-30 04:00:00+00:00,228.4772602189495,228.68568922028223,225.78741746908054,227.29611206054688,52990800
2024-09-03 04:00:00+00:00,226.84948058831634,227.2961293418145,219.52438650802387,221.11248779296875,50190600
2024-09-04 04:00:00+00:00,220.01074262314262,220.12984491677884,215.86183603349318,219.20677185058594,43840200
2024-09-05 04:00:00+00:00,219.9809679444758,223.80231295165626,219.87178579311316,220.7253875732422,36615400
2024-09-06 04:00:00+00:00,222.28368749781316,223.56409767944487,218.13479623481732,219.17698669433594,48423000
2024-09-09 04:00:00+00:00,219.17700018247805,219.6236489368284,215.09757995493325,219.26632690429688,67180000
2024-09-10 04:00:00+00:00,217.29111136152258,219.83206111139577,215.1174037589381,218.47225952148438,51591000
2024-09-11 04:00:00+00:00,219.81224273641337,221.4301044903715,216.26879790334314,221.00331115722656,44587100
2024-09-12 04:00:00+00:00,220.84449248276735,221.8866830044339,218.1844402475294,221.11248779296875,37455600
2024-09-13 04:00:00+00:00,221.91643313573508,222.3730019797634,220.25886075018875,220.84446716308594,36766600
2024-09-16 04:00:00+00:00,214.9288136198369,215.6037619118882,212.32831274384958,214.71046447753906,59357400
2024-09-17 04:00:00+00:00,214.14471619981742,215.28615358843467,212.904016801209,215.17697143554688,45519300
2024-09-18 04:00:00+00:00,215.9313221513165,221.05293280374121,215.92138686335736,219.04795837402344,59894900
2024-09-19 04:00:00+00:00,223.31597824995185,228.11004268622213,222.95865620671253,227.16709899902344,66781300
2024-09-20 04:00:00+00:00,228.25889437635817,231.35567496568984,225.9263736470506,226.50205993652344,318679900
2024-09-23 04:00:00+00:00,225.64847983003366,227.74278104335218,224.12986496132828,224.7849578857422,54146000
2024-09-24 04:00:00+00:00,226.94871280288095,227.64351653597865,224.05044101841318,225.67823791503906,43556100
2024-09-25 04:00:00+00:00,223.2563961324406,225.59883710649478,222.35317851779175,224.68568420410156,42308700
2024-09-26 04:00:00+00:00,225.60876888531146,226.7998372114188,223.73283210674714,225.82713317871094,36636700
2024-09-27 04:00:00+00:00,226.76013618443497,227.81224676693589,225.60876359989413,226.09510803222656,34026000
2024-09-30 04:00:00+00:00,228.3283747151782,231.266357421875,227.9412771261621,231.266357421875,54541900
2024-10-01 04:00:00+00:00,227.8122863965236,227.9413088473138,222.07529305054217,224.52691650390625,63285000
2024-10-02 04:00:00+00:00,224.2092739820147,225.67825786117984,221.36063294746157,225.0926513671875,32880600
2024-10-03 04:00:00+00:00,223.4648504260935,225.12242301224842,221.65839996957536,223.99090576171875,34044200
2024-10-04 04:00:00+00:00,226.20430944090455,226.30357145139808,222.46237094034984,225.1125030517578,37245100
2024-10-07 04:00:00+00:00,222.8296172342201,224.01076551273388,219.68320530273118,220.04052734375,39505400
2024-10-08 04:00:00+00:00,222.63110049734397,224.298593199742,221.58890998571715,224.0901641845703,31855700
2024-10-09 04:00:00+00:00,223.554178398676,228.04055170887608,223.1571606453159,227.8321075439453,33591100
2024-10-10 04:00:00+00:00,226.0851959438118,227.7923994519787,225.47973405841245,227.3358154296875,28183500
2024-10-11 04:00:00+00:00,227.5938974682738,227.70307961960657,225.6484741750507,225.85691833496094,31759200
2024-10-14 04:00:00+00:00,226.99836439928595,230.00581860221664,226.89911753216435,229.5790252685547,39882100
2024-10-15 04:00:00+00:00,231.87182665313995,235.7229623804217,230.6410474142004,232.11004638671875,64751400
2024-10-16 04:00:00+00:00,229.87681223777446,230.39293233151975,228.12989762738192,230.0554656982422,34082200
2024-10-17 04:00:00+00:00,231.69315867439417,232.11004699556463,228.8048220166126,230.4226837158203,32993800
2024-10-18 04:00:00+00:00,234.4226930307779,234.4226930307779,232.26884075534687,233.25148010253906,46431500
2024-10-21 04:00:00+00:00,232.7055644739604,235.08771628667242,232.7055644739604,234.720458984375,36254500
2024-10-22 04:00:00+00:00,232.14974382855843,234.4624093106695,230.86934872103873,234.10508728027344,38846600
2024-10-23 04:00:00+00:00,232.33831918874512,233.3904297884605,226.06533615950997,229.0430145263672,52287000
2024-10-24 04:00:00+00:00,228.26884002769643,229.10260155629064,226.710529416834,228.85446166992188,31109500
2024-10-25 04:00:00+00:00,228.03062932515897,231.484732210271,227.86189602437614,229.68820190429688,38802300
2024-10-28 04:00:00+00:00,231.58399967772363,232.98349712196287,230.81972458948547,231.66339111328125,36087100
2024-10-29 04:00:00+00:00,231.36563017470797,232.5864741436605,230.59143496071306,231.93138122558594,35417200
2024-10-30 04:00:00+00:00,230.87925826342104,231.7328600109945,227.8420287171323,228.387939453125,47070900
2024-10-31 04:00:00+00:00,227.63359787833264,228.11995749798112,223.69313535160188,224.2291259765625,64370100
2024-11-01 04:00:00+00:00,219.32588166379162,223.67329727363756,218.63109301833273,221.25144958496094,65276700
2024-11-04 05:00:00+00:00,219.34572401852256,221.13231895883285,218.0752491010658,220.35812377929688,44944500
2024-11-05 05:00:00+00:00,220.14969745378525,222.28369429475046,219.49460455688452,221.78741455078125,28111300
2024-11-06 05:00:00+00:00,220.95366880237512,224.387931303672,219.54423614319148,221.06285095214844,54561100
2024-11-07 05:00:00+00:00,222.95864433437472,226.18446269494834,222.89909318788202,225.7874298095703,42137700
2024-11-08 05:00:00+00:00,225.72782337627459,227.20836966100222,224.97265364792685,225.5191650390625,38328800
2024-11-11 05:00:00+00:00,223.57158868270503,224.26714170400084,220.0938084143074,222.8064727783203,42005600
2024-11-12 05:00:00+00:00,223.12444853772337,224.15783943194586,221.9420008205612,222.8064727783203,40398300
2024-11-13 05:00:00+00:00,222.5878574334345,225.21109667354565,221.3457931121334,223.69081115722656,48566200
2024-11-14 05:00:00+00:00,223.59146688403666,227.41701609796436,223.57158960851197,226.77114868164062,44923900
2024-11-15 05:00:00+00:00,224.96266960797624,225.47937257835642,222.8462024481905,223.57156372070312,47923700
2024-11-18 05:00:00+00:00,223.8199993254601,228.28149999782985,223.74050538640262,226.57241821289062,44633700
2024-11-19 05:00:00+00:00,225.53901477922054,228.6988344551977,225.22105418122663,226.8307647705078,36211800
2024-11-20 05:00:00+00:00,226.61215353970658,228.47027695087482,224.45593165289552,227.5461883544922,35169600
2024-11-21 05:00:00+00:00,227.42695953023323,228.69883223369175,224.2770861035494,227.06924438476562,42108300
2024-11-22 05:00:00+00:00,226.61216818417898,229.25528492407807,226.61216818417898,228.41067504882812,38168300
2024-11-25 05:00:00+00:00,229.99057974831032,231.7692092379923,228.28149797848934,231.39161682128906,90152800
2024-11-26 05:00:00+00:00,231.84870566104107,234.07449047305911,231.84870566104107,233.56771850585938,45986200
2024-11-27 05:00:00+00:00,232.98148163119754,234.19373774290258,232.32566796514345,233.4385528564453,33498400
2024-11-29 05:00:00+00:00,233.3192972938568,236.3002516789311,232.48463370489634,235.82330322265625,28481400
2024-12-02 05:00:00+00:00,235.76369091824088,239.26133321145704,235.654388648958,238.06895446777344,48137100
2024-12-03 05:00:00+00:00,238.2875760799829,241.21884512379424,237.38334952948236,241.1095428466797,38861000
2024-12-04 05:00:00+00:00,241.32815927991484,242.56029272240895,239.7184485394643,241.46726989746094,44383900
2024-12-05 05:00:00+00:00,242.44105143123323,242.98754766386446,240.59285890906452,241.4970703125,40033900
2024-12-06 05:00:00+00:00,241.36787220390693,243.07695387436263,240.5431396985891,241.29830932617188,36870600
2024-12-09 05:00:00+00:00,240.29473874492055,245.67039687977774,240.21524480725012,245.18350219726562,44649200
2024-12-10 05:00:00+00:00,245.32261857013248,246.63424582967986,243.7824557106041,246.19703674316406,36914800
2024-12-11 05:00:00+00:00,246.38582450957213,249.2077910379196,244.69660488558225,244.92515563964844,45205800
2024-12-12 05:00:00+00:00,245.32261935264157,247.1608807008323,244.12029436088807,246.38583374023438,32777500
2024-12-13 05:00:00+00:00,246.24671899982582,247.70737273801882,244.67674782957272,246.55474853515625,33155300
2024-12-16 05:00:00+00:00,246.4156638354876,249.78414212694497,246.07781077104264,249.4462890625,51694800
2024-12-17 05:00:00+00:00,248.49236434269267,252.21855739876366,248.19426586582333,251.8707733154297,51356400
2024-12-18 05:00:00+00:00,250.55917390522964,252.6657103008961,246.1672359539693,246.4752655029297,56774100
2024-12-19 05:00:00+00:00,245.92875304737495,250.4001849209636,245.52135228225407,248.20420837402344,60882300
2024-12-20 05:00:00+00:00,246.4653249902114,253.3811464831127,244.13025293349912,252.8743896484375,147495300
2024-12-23 05:00:00+00:00,253.15260355822258,254.02700659111463,251.84097626600598,253.64942932128906,40858800
2024-12-24 05:00:00+00:00,253.86804957710976,256.5707679464462,253.6693071300515,256.56085205078125,23234700
2024-12-26 05:00:00+00:00,256.55086249805703,258.44874034869076,255.99442012888886,257.3755798339844,27237100
2024-12-27 05:00:00+00:00,256.19314630806485,257.05764856283577,251.45343969164696,253.96737670898438,42355300
2024-12-30 05:00:00+00:00,250.6287005424076,251.8906421270002,249.15810064436016,250.59889221191406,35557500
2024-12-31 05:00:00+00:00,250.83739579916153,251.6720594492945,247.84649497663966,248.83021545410156,39480700
2025-01-02 05:00:00+00:00,247.34966196417784,247.51859606258614,240.28481431614935,242.3019256591797,55740700
2025-01-03 05:00:00+00:00,241.81503295898438,242.62981931594805,240.3543640210219,241.81503295898438,40244100
2025-01-06 05:00:00+00:00,242.75900387005615,245.7598357483754,241.6560500607284,243.4446258544922,45045600
2025-01-07 05:00:00+00:00,241.4374487975533,243.9911405526811,239.81780708502322,240.67234802246094,40856000
2025-01-08 05:00:00+00:00,240.38417847646193,242.1628232218062,238.52605495049286,241.1592254638672,37628900
2025-01-10 05:00:00+00:00,238.48630187104285,238.63535869995312,231.5208099984783,235.34637451171875,61710900
2025-01-13 05:00:00+00:00,232.04743903723335,233.18020116738663,228.26162915914,232.9119110107422,49630700
2025-01-14 05:00:00+00:00,233.25969544364762,234.62099318079112,230.99417118008773,231.7990264892578,39435300
2025-01-15 05:00:00+00:00,233.1503884256181,237.4429702030776,232.94171493841435,236.35987854003906,39832000
2025-01-16 05:00:00+00:00,235.84318609247865,236.49898454969573,226.58234697208553,226.81088256835938,71759100
2025-01-17 05:00:00+00:00,230.6463874145182,230.8153063545454,227.02949646555186,228.5199737548828,68488300
2025-01-21 05:00:00+00:00,222.57792910461188,222.99526090225285,217.98726416864307,221.2265625,98070400
2025-01-22 05:00:00+00:00,218.39466636780546,222.6971793763667,218.39466636780546,222.40902709960938,64126500
2025-01-23 05:00:00+00:00,223.3132424800993,225.58869773276695,220.88873040600683,222.24009704589844,60234800
2025-01-24 05:00:00+00:00,223.35297985225768,224.19758968028435,220.00437919561992,221.3656768798828,54697900
2025-01-27 05:00:00+00:00,222.59782027357136,230.67619691244207,222.55806572164707,228.40074157714844,94863400
2025-01-28 05:00:00+00:00,229.38444497187513,238.66514594376807,229.3446904229109,236.7473907470703,75707600
2025-01-29 05:00:00+00:00,232.6336842670617,238.33724933385383,232.52438199561368,237.84042358398438,45486100
2025-01-30 05:00:00+00:00,237.1547951903121,239.26133146080375,235.7040725307193,236.08164978027344,55658300
2025-01-31 05:00:00+00:00,245.62071750771995,245.62071750771995,231.95800933839706,234.5017547607422,100959800
2025-02-03 05:00:00+00:00,228.5298949466701,230.35820991583037,224.26712187534005,226.5624542236328,73063300
2025-02-04 05:00:00+00:00,225.80729852188347,231.64997406812495,225.21110156992967,231.3220672607422,45067300
2025-02-05 05:00:00+00:00,227.0791967098242,231.19291368703577,226.82085275464706,230.9941864013672,39620300
2025-02-06 05:00:00+00:00,229.8216550685821,232.31573010563136,228.96711414866223,231.73941040039062,29925300
2025-02-07 05:00:00+00:00,231.1233398047693,232.51444580894437,225.81722939017394,226.1848907470703,39707200
2025-02-10 05:00:00+00:00,228.36338248973718,229.378010419489,226.00582893863492,226.45346069335938,33115600
2025-02-11 05:00:00+00:00,227.00058728303875,233.99363668198936,226.93096309298542,231.39735412597656,53718400
2025-02-12 05:00:00+00:00,229.98481838871234,235.71455375787428,229.4675472393098,235.62501525878906,45243300
2025-02-13 05:00:00+00:00,235.66481592241834,241.06626881430705,234.33186254170715,240.26052856445312,53614100
2025-02-14 05:00:00+00:00,239.9819785190441,244.25938055012708,239.7233505557091,243.3143768310547,40896200
2025-02-18 05:00:00+00:00,242.86674847770814,243.8913336127375,240.56889220053384,243.18507385253906,48822500
2025-02-19 05:00:00+00:00,243.37407429304395,244.716969605811,241.88195827091008,243.5829620361328,32204200
2025-02-20 05:00:00+00:00,243.65259654249155,245.4829218502696,243.00600383864503,244.5379180908203,32316900
2025-02-21 05:00:00+00:00,244.65729095432025,247.38289505871285,243.93113206298463,244.2593994140625,53197400
2025-02-24 05:00:00+00:00,243.64263125957103,247.551982922016,243.1353173033831,245.80123901367188,51326400
2025-02-25 05:00:00+00:00,246.69652285022872,248.68601093773057,243.62276739789988,245.74156188964844,48013300
2025-02-26 05:00:00+00:00,243.0457837458091,243.6923612222431,237.8731183985742,239.09664916992188,44433600
2025-02-27 05:00:00+00:00,238.1516754344793,241.18564780716906,235.81402085750776,236.05276489257812,41153600
2025-02-28 05:00:00+00:00,235.70459571566596,240.8175794410065,228.9900734891547,240.5688934326172,56833400
2025-03-03 05:00:00+00:00,240.51913191748446,242.7473638198223,234.8689935924468,236.77890014648438,47184000
2025-03-04 05:00:00+00:00,236.46061504010896,238.80821160759587,233.4465266012979,234.68995666503906,53798100
2025-03-05 05:00:00+00:00,234.18263593082168,235.30670153327668,228.0251680036218,234.50096130371094,47227600
2025-03-06 05:00:00+00:00,233.20778757123546,236.60981025581015,231.93451645578955,234.09310913085938,45170400
2025-03-07 05:00:00+00:00,233.87426828677374,240.10136041796665,233.5261018066448,237.81346130371094,46273600
2025-03-10 04:00:00+00:00,234.3019970725287,234.91874867921032,223.04150278970278,226.28436279296875,72071200
2025-03-11 04:00:00+00:00,222.63366659789358,224.65299583409444,216.3070937419303,219.6792755126953,76137400
2025-03-12 04:00:00+00:00,218.98294858814833,220.58448707211764,213.7804415985268,215.8395538330078,62547500
2025-03-13 04:00:00+00:00,214.81499183969214,215.7003135082564,207.3245697550128,208.57794189453125,61368300
2025-03-14 04:00:00+00:00,210.13967261110687,212.8254784087618,208.4784519318959,212.36790466308594,60107600
2025-03-17 04:00:00+00:00,212.18885305172668,214.08881784956162,208.86641153353526,212.87522888183594,48073400
2025-03-18 04:00:00+00:00,213.03437263106773,214.01915944879542,210.37840804794794,211.5720977783203,42432400
2025-03-19 04:00:00+00:00,213.0940604852241,217.6101915579757,212.6265295918345,214.10870361328125,54385400
2025-03-20 04:00:00+00:00,212.86527847830126,216.3468825511506,211.10457731145533,212.97470092773438,48862900
2025-03-21 04:00:00+00:00,210.4480334492585,217.68976839110027,210.16950634984832,217.12277221679688,94127800
2025-03-24 04:00:00+00:00,219.83843988574125,220.31591279023903,217.43116105321957,219.56985473632812,44299500
2025-03-25 04:00:00+00:00,219.60965673355645,222.92215637067883,218.9232808837126,222.57398986816406,34493600
2025-03-26 04:00:00+00:00,222.3352199198642,223.83729303324841,219.31120492080973,220.36563110351562,34466100
2025-03-27 04:00:00+00:00,220.22636977863218,223.80745418869535,219.40073045135125,222.67344665527344,37094800
2025-03-28 04:00:00+00:00,220.50491967808455,222.63367141455515,216.53588531144595,216.75473022460938,39818600
2025-03-31 04:00:00+00:00,215.86937928840504,224.4341253115235,215.09348022110552,220.9624786376953,65299300
2025-04-01 04:00:00+00:00,218.65466729819107,222.5043215641154,217.74944665223015,222.01690673828125,36412700
2025-04-02 04:00:00+00:00,220.15674221426906,224.0063965120705,219.85831598824518,222.71322631835938,35905900
2025-04-03 04:00:00+00:00,204.4596791341039,206.39944211542388,200.19223396809613,202.12203979492188,103419000
2025-04-04 04:00:00+00:00,192.87092693410324,198.82944937179326,186.35535024633944,187.389892578125,125910900
2025-04-07 04:00:00+00:00,176.26862197387908,193.12952861035487,173.70218080411468,180.50624084472656,160466300
2025-04-08 04:00:00+00:00,185.71870692843436,189.33957458197378,168.32064359895526,171.51376342773438,120859500
2025-04-09 04:00:00+00:00,171.04621878540135,199.55558397169528,170.9865365771085,197.80484008789062,184395900
2025-04-10 04:00:00+00:00,188.0762635840202,193.7562435722064,182.0381599544528,189.41915893554688,121880000
2025-04-11 04:00:00+00:00,185.12186726950821,198.49121408156802,185.0820690088969,197.1085205078125,87435900
2025-04-14 04:00:00+00:00,210.32868138530173,211.8207974391945,200.10271391024364,201.45556640625,101352900
2025-04-15 04:00:00+00:00,200.7990180691496,202.44033954558066,198.74984792281177,201.07754516601562,51343900
2025-04-16 04:00:00+00:00,197.31743142832593,199.64512887500646,191.35890907242805,193.24893188476562,59732400
2025-04-17 04:00:00+00:00,196.16353180406117,197.7849695303218,193.39814444403507,195.94468688964844,52164700
2025-04-21 04:00:00+00:00,192.25416731460396,192.78138039340035,188.81234657174457,192.14474487304688,46742500
2025-04-22 04:00:00+00:00,195.0892017003565,200.53045296496776,194.93999616163734,198.690185546875,52976400
2025-04-23 04:00:00+00:00,204.9172632087338,206.9067512010516,201.7340854567431,203.52462768554688,52929200
2025-04-24 04:00:00+00:00,203.81310578126346,207.73239972806866,201.87335793866913,207.27481079101562,47311000
2025-04-25 04:00:00+00:00,205.28531450927932,208.6475540878433,205.1162098506388,208.18002319335938,38222300
2025-04-28 04:00:00+00:00,208.89624364686077,210.38835967290976,206.3696005213303,209.03550720214844,38743100
2025-04-29 04:00:00+00:00,207.59312493762445,211.12446912484504,207.27479957627347,210.09988403320312,36827600
2025-04-30 04:00:00+00:00,208.19993964532281,212.45744310704663,205.58375784941018,211.38311767578125,52286500
2025-05-01 04:00:00+00:00,207.98108655162656,213.43227966302132,207.80202473083082,212.1988067626953,57365700
2025-05-02 04:00:00+00:00,205.0067917796952,205.9020705063368,201.09745506032002,204.27069091796875,101010600
2025-05-05 04:00:00+00:00,202.03252954096354,203.0272736250085,197.1682315771274,197.8446502685547,69018500
2025-05-06 04:00:00+00:00,197.1682179665783,199.59538061408486,195.98447015970467,197.4666290283203,51216500
2025-05-07 04:00:00+00:00,198.1231564563361,198.39174158064424,192.23427392267118,195.218505859375,68536700
2025-05-08 04:00:00+00:00,196.6807674405125,198.99852257626176,193.65673744886013,196.4519805908203,50478900
2025-05-09 04:00:00+00:00,197.95407268173315,199.4859718922483,196.5017396407649,197.48654174804688,36453900
2025-05-12 04:00:00+00:00,210.13634313336473,210.435160708662,205.93301745006437,209.95704650878906,63775800
2025-05-13 04:00:00+00:00,209.59847136477597,212.55673652410627,208.17412935394688,212.08859252929688,51909300
2025-05-14 04:00:00+00:00,211.5905625216416,213.09460539099953,209.7478820292828,211.490966796875,49325800
2025-05-15 04:00:00+00:00,210.11641669484823,212.11848379882832,208.71198473801002,210.61444091796875,45029500
2025-05-16 04:00:00+00:00,211.52086084946143,211.73003772257164,208.94109887256835,210.42520141601562,54737900
2025-05-19 04:00:00+00:00,207.0884445111699,208.65223273202483,203.45285841572866,207.9550018310547,46140500
2025-05-20 04:00:00+00:00,206.84938410987283,207.64622592622177,204.2198167548668,206.04258728027344,42496600
2025-05-21 04:00:00+00:00,204.3592586621154,206.22186440009241,199.91689108628387,201.2914276123047,59211800
2025-05-22 04:00:00+00:00,199.91689038506837,201.94882252859867,198.91087172706415,200.56431579589844,46742400
2025-05-23 04:00:00+00:00,192.9047141233614,196.9187884239126,192.69555244631704,194.49839782714844,78432900
2025-05-27 04:00:00+00:00,197.51641281084125,199.94677348688452,196.64984031499387,199.4188690185547,56288500
2025-05-28 04:00:00+00:00,199.79736291846774,201.9289060786693,199.11008702875665,199.62803649902344,45339700
2025-05-29 04:00:00+00:00,202.77554227533128,203.0046291598645,197.72556941325453,199.15988159179688,51396800
2025-05-30 04:00:00+00:00,198.5821728136608,201.1619498266407,196.00241099917397,200.05633544921875,70819900
2025-06-02 04:00:00+00:00,199.4885975362889,201.3312933884623,199.3292261245183,200.90298461914062,35423300
2025-06-03 04:00:00+00:00,200.55435521702816,202.9647905668523,200.16589694161215,202.46676635742188,46381600
2025-06-04 04:00:00+00:00,202.10819540070028,205.42503857555045,201.30139858491114,202.0185546875,43604000
2025-06-05 04:00:00+00:00,202.69584267027508,203.9409031289377,199.35907456166248,199.83718872070312,55126100
2025-06-06 04:00:00+00:00,202.19783403313102,204.8871617909174,201.2515910514923,203.11419677734375,46607700
2025-06-09 04:00:00+00:00,203.58233063284266,205.18596915505242,199.22960401477,200.65394592285156,72862600
2025-06-10 04:00:00+00:00,199.8073282051838,203.54250994980842,199.77744796710627,201.869140625,54672600
2025-06-11 04:00:00+00:00,202.69585666840098,203.69190510411792,197.62597377823997,197.9945068359375,60989900
2025-06-12 04:00:00+00:00,198.29333609984755,198.890956077424,196.58013147350607,198.41285705566406,43904600
2025-06-13 04:00:00+00:00,198.94074360607502,199.57821397711425,194.92666975119658,195.6737060546875,51447300
2025-06-16 04:00:00+00:00,196.52037110088898,197.90487790098294,195.78328974313985,197.6359405517578,43020700
2025-06-17 04:00:00+00:00,196.42074594971083,197.60604600468164,194.43861931524052,194.86691284179688,38856200
2025-06-18 04:00:00+00:00,195.16575220236885,196.78931617646225,194.29919484122428,195.80322265625,45394700
2025-06-20 04:00:00+00:00,197.45666110928434,200.90298042554332,196.08210930882012,200.20574951171875,96813500
2025-06-23 04:00:00+00:00,200.83325703321927,201.50060768152076,198.17380945321412,200.70376586914062,55814300
2025-06-24 04:00:00+00:00,201.78944331230142,202.63609053842802,199.40888822531906,199.5084991455078,54064000
2025-06-25 04:00:00+00:00,200.6539381013163,202.8651666655851,199.82721614273908,200.7635040283203,39525700
2025-06-26 04:00:00+00:00,200.63404307360597,201.8392684520338,198.67184150130464,200.20574951171875,50799100
2025-06-27 04:00:00+00:00,201.09222774816857,202.41697405518968,199.20969672208463,200.28543090820312,73188600
2025-06-30 04:00:00+00:00,201.21175129212304,206.570497066428,198.47261792694385,204.35926818847656,91912800
2025-07-01 04:00:00+00:00,205.85332972802502,209.35942450018746,205.3254252695324,206.99879455566406,78788900
2025-07-02 04:00:00+00:00,208.08449026524102,212.49697770796604,207.31752868499885,211.6005401611328,67941800
2025-07-03 04:00:00+00:00,211.31168447150716,213.80180573654258,210.97303162710094,212.70616149902344,34955800
2025-07-07 04:00:00+00:00,211.83958469799765,215.37555986284275,207.97492690746134,209.12037658691406,50229000
2025-07-08 04:00:00+00:00,209.26980118177752,210.59453234535175,207.62631199643187,209.18014526367188,42848900
2025-07-09 04:00:00+00:00,208.70202548866368,210.49491569520316,206.40115605631001,210.3056640625,48749400
2025-07-10 04:00:00+00:00,209.67817732396114,212.63644276910486,209.20007826975964,211.5706787109375,44443600
2025-07-11 04:00:00+00:00,209.73792710960444,211.29176024279,209.03072603053,210.32559204101562,39765800
2025-07-14 04:00:00+00:00,209.10046017794556,210.0765986782557,206.71990480407712,207.79563903808594,38840100
2025-07-15 04:00:00+00:00,208.39325734338402,211.05270487364396,208.09443976951917,208.28369140625,42296300
2025-07-16 04:00:00+00:00,209.4689902412225,211.5606828488181,207.8155461810567,209.3295440673828,47490500
2025-07-17 04:00:00+00:00,209.7379389650813,210.9630743588066,208.7618004967043,209.1901092529297,48068100
2025-07-18 04:00:00+00:00,210.03674740882613,210.95311022715865,208.87137245947412,210.34552001953125,48974600
2025-07-21 04:00:00+00:00,211.2618775331451,214.92732845073886,210.7937335563828,211.64036560058594,51377400
2025-07-22 04:00:00+00:00,212.29777975345726,214.1006251327807,211.39137195770533,213.55279541015625,46404100
2025-07-23 04:00:00+00:00,214.15043456376964,214.29983576430007,211.5706725113145,213.3037872314453,46989300
2025-07-24 04:00:00+00:00,213.05475989741393,214.83769515517375,212.68622683006964,212.91531372070312,46022600
2025-07-25 04:00:00+00:00,213.85161823157193,214.38949295365802,212.55675209148805,213.0348663330078,40268800
2025-07-28 04:00:00+00:00,213.18425263148458,214.00101967144602,212.2180844005514,213.2041778564453,37858000
2025-07-29 04:00:00+00:00,213.33363944545516,213.96115480223384,209.9869314052821,210.43515014648438,51411700
2025-07-30 04:00:00+00:00,211.06265157316113,211.55072076453234,206.89917652304968,208.2239227294922,45512500
2025-07-31 04:00:00+00:00,207.66614913739534,209.01080544085684,206.3414028602417,206.74978637695312,80698400
2025-08-01 04:00:00+00:00,210.03673342752194,212.73603143542957,200.7037642416869,201.58029174804688,104434500
2025-08-04 04:00:00+00:00,203.70188303605903,207.058576977071,200.88306382200804,202.54647827148438,75109300
2025-08-05 04:00:00+00:00,202.59623250724772,204.52856877803342,201.3611422546983,202.11813354492188,44155100
2025-08-06 04:00:00+00:00,204.81744899810374,214.52892145014,204.77759854868273,212.40733337402344,108483100
2025-08-07 04:00:00+00:00,218.01510326859565,219.9773200540019,215.7241886502616,219.16055297851562,90224800
2025-08-08 04:00:00+00:00,219.95740294972967,230.08721487155407,218.38364441813084,228.44374084472656,113854000
2025-08-11 04:00:00+00:00,227.27701087414155,228.91238364576833,224.12592192869855,226.53909301757812,61806100
2025-08-12 04:00:00+00:00,227.36673308681236,230.14887046423402,226.42939779448272,229.00210571289062,55626200
2025-08-13 04:00:00+00:00,230.4181341091737,234.33703985510917,229.77992501054072,232.6717529296875,69878500
2025-08-14 04:00:00+00:00,233.39969406647393,234.4567012802976,230.19875827485632,232.12330627441406,51916300
2025-08-15 04:00:00+00:00,233.3398655982593,233.61907447658757,228.69300821277216,230.93666076660156,56038700
2025-08-18 04:00:00+00:00,231.04634466466607,232.46233685580373,229.46083388892833,230.23863220214844,37476200
2025-08-19 04:00:00+00:00,230.6275464777077,232.21305735738468,228.70299840660482,229.90957641601562,39402600
2025-08-20 04:00:00+00:00,229.33119207499826,229.81981519856654,225.13307755654054,225.3723907470703,42263900
2025-08-21 04:00:00+00:00,225.63166356522294,225.88095827873425,223.14868274098328,224.26551818847656,30621200
2025-08-22 04:00:00+00:00,225.53193619713707,228.44369658121065,224.77408575714253,227.11744689941406,42477800
2025-08-25 04:00:00+00:00,225.84107546750252,228.65312729963858,225.59178073979155,226.5191650390625,30983100
2025-08-26 04:00:00+00:00,226.22996704217394,228.84258604761433,224.05612439304167,228.6630859375,54575100
2025-08-27 04:00:00+00:00,227.96506627689797,230.24859923631865,227.6160475796746,229.8397674560547,31259500
2025-08-28 04:00:00+00:00,230.16883391080088,232.7515235304584,228.692998228932,231.90391540527344,38074700
2025-08-29 04:00:00+00:00,231.85405874294378,232.7216147258446,230.71727541448905,231.485107421875,39418400
2025-09-02 04:00:00+00:00,228.60325464814514,230.19874691737337,226.3296880547272,229.07192993164062,44075600
2025-09-03 04:00:00+00:00,236.5408165177042,238.17618932549604,233.69885053091846,237.79725646972656,66427800
2025-09-04 04:00:00+00:00,237.77731160532718,239.2232180033205,236.07214416452067,239.1035614013672,47549400
2025-09-05 04:00:00+00:00,239.32291694518142,240.63920029193574,237.81718240373485,239.0137939453125,54870400
2025-09-08 04:00:00+00:00,238.62490021245955,239.47249309970456,235.67324414176576,237.2089080810547,48999500
2025-09-09 04:00:00+00:00,236.33139119913957,238.1063683630383,232.70166073618753,233.68887329101562,66313900
2025-09-10 04:00:00+00:00,231.53498298240493,231.7643298806428,225.31258085277642,226.15020751953125,83440800
2025-09-11 04:00:00+00:00,226.23995033725743,229.7998710451417,226.010588238333,229.3810577392578,50208600
2025-09-12 04:00:00+00:00,228.5733443098202,233.84841389514688,228.3739115767776,233.40966796875,55824200
2025-09-15 04:00:00+00:00,236.33139853346725,237.5180438551372,234.36695488957946,236.03224182128906,42699500
2025-09-16 04:00:00+00:00,236.51088466190768,240.53949594661788,235.65332541334,237.4781494140625,63421100
2025-09-17 04:00:00+00:00,238.2958480596019,239.42266510979977,237.05934071942244,238.3157958984375,46508000
2025-09-18 04:00:00+00:00,239.2930082114909,240.51953392817583,235.98236714862816,237.2089080810547,44249600
2025-09-19 04:00:00+00:00,240.54944568604057,245.60514967420656,239.53233423145286,244.80740356445312,163741300
2025-09-22 04:00:00+00:00,247.5995237986898,255.9160073848096,247.42002368458668,255.35755920410156,105517400
2025-09-23 04:00:00+00:00,255.15814081026073,256.6140134777918,252.86462630601793,253.71221923828125,60275200
2025-09-24 04:00:00+00:00,254.49999981420794,255.01853710208397,250.33178410429736,251.59820556640625,42303700
2025-09-25 04:00:00+00:00,252.4956917858775,256.44452717224715,250.99992334214926,256.1453552246094,55202100
2025-09-26 04:00:00+00:00,253.38315498635407,256.87328100426123,253.06405044687503,254.73931884765625,46076300
2025-09-29 04:00:00+00:00,253.84185736381545,254.28061851263055,252.29622703166862,253.71221923828125,40127700
2025-09-30 04:00:00+00:00,254.1410137555297,255.1980209495745,252.39595068950493,253.9116668701172,37704300
2025-10-01 04:00:00+00:00,254.3205078449461,258.05994405161016,254.21081755391603,254.72935485839844,48713900
2025-10-02 04:00:00+00:00,255.85613542550084,257.45162766856953,253.43299812845933,256.40460205078125,42630200
2025-10-03 04:00:00+00:00,253.9515436206674,258.5086431914624,253.23357360959045,257.2920837402344,49155600
2025-10-06 04:00:00+00:00,257.2621712100349,258.3391414491699,254.33047806472084,255.96585083007812,44664100
2025-10-07 04:00:00+00:00,256.0854948355218,256.67382669789566,254.70938317067183,255.75643920898438,31955800
2025-10-08 04:00:00+00:00,255.79633660873378,257.7906945345413,255.38748958216482,257.3320007324219,36496900
2025-10-09 04:00:00+00:00,257.082687156571,257.2721535801604,252.42586356688122,253.3233184814453,38322000
2025-10-10 04:00:00+00:00,254.2207817432353,255.6567217403356,243.3116425485481,244.57806396484375,61999100
2025-10-13 04:00:00+00:00,248.6764678182016,248.98559082884384,244.86723728717817,246.96131896972656,38142900
2025-10-14 04:00:00+00:00,245.90431694508948,248.14796941642882,244.00966795095763,247.07101440429688,35478000
2025-10-15 04:00:00+00:00,248.78616738422895,251.10959602979932,246.77186176083558,248.63658142089844,33893600
2025-10-16 04:00:00+00:00,247.54966879270205,248.33743345063007,244.43847540742667,246.75192260742188,39777000
2025-10-17 04:00:00+00:00,247.3203043073955,252.66518358811555,246.57242016484557,251.5782470703125,49147000
2025-10-20 04:00:00+00:00,255.168106265739,263.63416054313814,254.90884523128253,261.50018310546875,90483000
2025-10-21 04:00:00+00:00,261.1412435480521,264.54162761794373,261.0913663387469,262.0287170410156,46695900
2025-10-22 04:00:00+00:00,261.9090191460537,262.1084670888602,254.70938662410154,257.72088623046875,45015300
2025-10-23 04:00:00+00:00,259.206686997747,259.8847613495841,257.28213901467177,258.8476867675781,32754900
2025-10-24 04:00:00+00:00,260.4531458541269,263.3848541030092,258.44880663072195,262.07855224609375,38253700
2025-10-27 04:00:00+00:00,264.13276036080543,268.36078929414754,263.90339825112477,268.0516662597656,44888200
2025-10-28 04:00:00+00:00,268.23113785786586,269.12862319727753,267.39351124836816,268.2411193847656,41534800
2025-10-29 04:00:00+00:00,268.5203194424725,270.6443152614699,266.35642794866993,268.93914794921875,51086700
2025-10-30 04:00:00+00:00,271.2226702585742,273.36662916750566,267.72259312931254,270.63433837890625,69886500
2025-10-31 04:00:00+00:00,276.2085891024436,276.53767519933945,268.40069127196034,269.6072692871094,86167100
2025-11-03 05:00:00+00:00,269.65711516237894,270.08589475979994,265.49886601188945,268.29095458984375,50194600
2025-11-04 05:00:00+00:00,267.5730004152706,270.72408938596277,266.86501191822913,269.2781982421875,49274800
2025-11-05 05:00:00+00:00,267.8522167164328,270.9335263776032,266.17696342424256,269.3779296875,43683100
2025-11-06 05:00:00+00:00,267.1342708755924,272.6287059365568,267.1342708755924,269.0089416503906,51204000
2025-11-07 05:00:00+00:00,269.03885049148494,271.5218466038475,266.0173996929098,267.7126159667969,48227400
2025-11-10 05:00:00+00:00,268.46122924118225,273.22240319845355,266.96401085683,268.93035888671875,41312400
2025-11-11 05:00:00+00:00,269.3096487524697,275.3983427074405,269.2996575494418,274.73956298828125,46208300
2025-11-12 05:00:00+00:00,274.49002155435767,275.2186787593472,271.19615348009904,272.9628601074219,48398000
2025-11-13 05:00:00+00:00,273.6016697208788,276.1868935731559,271.5854266195937,272.44384765625,49602800
2025-11-14 05:00:00+00:00,270.54732197227213,275.44821996704485,269.10002929321837,271.9048156738281,47431300
2025-11-17 05:00:00+00:00,268.3214829895084,269.98836893107386,265.237217022597,266.9639892578125,45018300
2025-11-18 05:00:00+00:00,269.48932037088264,270.2079864201871,264.8279974843966,266.9440612792969,45677300
2025-11-19 05:00:00+00:00,265.0375710636542,271.7051756343288,265.00762791735707,268.06195068359375,40424500
2025-11-20 05:00:00+00:00,270.327749378444,274.91922505965954,265.42688147061517,265.7562561035156,45823600
2025-11-21 05:00:00+00:00,265.4568071090486,272.8230952896135,265.17732758833057,270.98651123046875,59030800
2025-11-24 05:00:00+00:00,270.397615191446,276.4863089537433,270.397615191446,275.4083251953125,65585800
2025-11-25 05:00:00+00:00,274.75953066216096,279.8600705608694,274.73957871594786,276.4563903808594,46914200
2025-11-26 05:00:00+00:00,276.44637611579356,279.01161742605893,276.1170014953278,277.0352783203125,33431400
2025-11-28 05:00:00+00:00,276.7458380127342,278.4826014787427,275.4781737009374,278.3328857421875,20135600
2025-12-01 05:00:00+00:00,277.4944549964911,282.89442609469603,275.62792768573877,282.57501220703125,46587700
2025-12-02 05:00:00+00:00,282.47518456741903,286.86701880065203,282.10587559562896,285.6592712402344,53669500
2025-12-03 05:00:00+00:00,285.6692634925469,288.0847586222564,282.77461708045536,283.623046875,43538700
2025-12-04 05:00:00+00:00,283.5731318378766,284.20196835267484,278.07334059490756,280.179443359375,43989100
2025-12-05 05:00:00+00:00,280.01974631085085,280.6186397013617,277.53434330937836,278.26300048828125,47265800
2025-12-08 05:00:00+00:00,277.6142094762677,279.15136205700173,275.6378704438954,277.3746643066406,38211800
2025-12-09 05:00:00+00:00,277.64414811825674,279.5106752769474,276.40645748061854,276.66595458984375,32193300
2025-12-10 05:00:00+00:00,277.23491184461454,279.2312028389952,275.92734368017386,278.26300048828125,33038300
2025-12-11 05:00:00+00:00,278.5824273392719,279.07150890817053,273.3022288840155,277.514404296875,33248000
2025-12-12 05:00:00+00:00,277.38464634485007,278.70220580092337,276.30666253778065,277.7639465332031,39532900
2025-12-15 05:00:00+00:00,279.63046152672615,279.63046152672615,272.33402020742307,273.6016540527344,50409100
2025-12-16 05:00:00+00:00,272.3140798989353,274.9891026980292,271.2859911871425,274.1007385253906,37648600
2025-12-17 05:00:00+00:00,274.50001118897205,275.6478724530811,271.13626563598973,271.33587646484375,50138700
2025-12-18 05:00:00+00:00,273.1025913325419,273.12257373871984,266.4549687260805,271.68524169921875,51630700
2025-12-19 05:00:00+00:00,271.6453053723066,274.09077415448866,269.399477884542,273.1625061035156,144632000
2025-12-22 05:00:00+00:00,272.3539780142796,273.37210596231955,270.00836035897595,270.4674987792969,36571800
2025-12-23 05:00:00+00:00,270.3377490962612,271.99467443806464,269.06012395403746,271.85491943359375,29642000
2025-12-24 05:00:00+00:00,271.8349404799371,274.9192064044749,271.69521595033444,273.3022155761719,17910600
2025-12-26 05:00:00+00:00,273.65157518449314,274.859322715931,272.35396775197984,272.8929748535156,21521800
2025-12-29 05:00:00+00:00,272.1843267483383,273.8512128461511,271.8449608988494,273.2523498535156,23715200
2025-12-30 05:00:00+00:00,272.304089543875,273.5717234473003,271.77507361210075,272.5735778808594,22139600
2025-12-31 05:00:00+00:00,272.553621806917,273.17246717497864,271.24605357156486,271.3558349609375,27293600
2026-01-02 05:00:00+00:00,271.75509761912826,277.32473598417806,268.5011336129586,270.5074157714844,37838100
2026-01-05 05:00:00+00:00,270.1381104139889,271.0064921177503,265.6464557026853,266.7643737792969,45647200
2026-01-06 05:00:00+00:00,266.504853430471,267.0538212812338,261.6338984265986,261.8734436035156,52352100
2026-01-07 05:00:00+00:00,262.71190159101934,263.1909919246956,259.32817380451803,259.8471984863281,48309800
2026-01-08 05:00:00+00:00,256.5433578451618,258.80916773471864,255.22581364132833,258.55963134765625,50419300
2026-01-09 05:00:00+00:00,258.5995368285105,259.7274461787287,255.74485516422806,258.8890075683594,39997000
2026-01-12 05:00:00+00:00,258.6794199598783,260.8154357257053,256.32378048041085,259.76739501953125,45263800
2026-01-13 05:00:00+00:00,258.24022168851656,261.3244878277737,257.9108470550362,260.5658874511719,45730800
2026-01-14 05:00:00+00:00,259.0087756526009,261.33447181199796,256.23393227813756,259.4779052734375,40019400
2026-01-15 05:00:00+00:00,260.1666175851947,260.5559089501236,256.5732877053955,257.73114013671875,39388600
2026-01-16 05:00:00+00:00,257.4217372195352,258.41988279267105,254.45724364888233,255.05613708496094,72142800
2026-01-20 05:00:00+00:00,252.26132447540706,254.31750190322293,242.9685916985444,246.2425079345703,80267500
2026-01-21 05:00:00+00:00,248.23880604127606,251.09350304772093,244.72532928784554,247.1907501220703,54641700
2026-01-22 05:00:00+00:00,248.737864640942,250.53452965267718,247.68980878155546,247.8894500732422,39708300
2026-01-23 05:00:00+00:00,246.86136630134166,248.94748685874615,244.22624741136653,247.58001708984375,41689000
2026-01-26 05:00:00+00:00,251.01363570547153,256.08421686766076,249.336758511775,254.9363555908203,55969200
2026-01-27 05:00:00+00:00,258.68937090303496,261.46421404872183,257.73112933459527,257.791015625,49648300
2026-01-28 05:00:00+00:00,257.17220993748055,258.3799575946877,254.03803333601454,255.96446228027344,41288000
2026-01-29 05:00:00+00:00,257.52154586161765,259.16847988830324,253.93820707645818,257.801025390625,67253000
2026-01-30 05:00:00+00:00,254.69678984095313,261.41430490835,251.7123292610244,258.9988098144531,92443400
2026-02-02 05:00:00+00:00,259.5478036352127,269.98839826257677,258.7293169184304,269.5093078613281,73913400
2026-02-03 05:00:00+00:00,268.70080609664296,271.3758289780004,267.11372779647115,268.98028564453125,64394700
2026-02-04 05:00:00+00:00,271.7850411492978,278.432693698261,271.7850411492978,275.97723388671875,90545700
2026-02-05 05:00:00+00:00,277.6142303156022,278.98168486317746,272.72332314901723,275.3983459472656,52977400
2026-02-06 05:00:00+00:00,276.6060720438839,280.3890519626743,276.4164219647768,277.6042175292969,50453400
2026-02-09 05:00:00+00:00,277.6541982366954,277.9439398399519,271.4499228389202,274.3672180175781,44623400
2026-02-10 05:00:00+00:00,274.6369782150198,275.11651686144285,272.68876099546605,273.4280700683594,34376900
2026-02-11 05:00:00+00:00,274.44714753122867,279.92208361183503,274.1973776592452,275.24639892578125,51931300
2026-02-12 05:00:00+00:00,275.3363333447182,275.46621856633783,259.94051360693726,261.4891052246094,81077200
2026-02-13 05:00:00+00:00,261.7688319830923,261.9886306947134,255.21485759663088,255.5445556640625,56290700
2026-02-17 05:00:00+00:00,257.8124646511843,266.0449008431299,255.30478047881587,263.6371154785156,58469100
2026-02-18 05:00:00+00:00,263.35737977838915,266.57441720150126,262.20844437502524,264.106689453125,34203300
2026-02-19 05:00:00+00:00,262.35827847824623,264.2365527856389,259.81060750150084,260.3401184082031,30845300
2026-02-20 05:00:00+00:00,258.73163460792017,264.5063132392292,257.9223826043077,264.3364562988281,42070500
2026-02-23 05:00:00+00:00,263.24744081710827,269.1819753311392,263.13755670993424,265.9349670410156,37308200
2026-02-24 05:00:00+00:00,267.61343657617186,274.6369951599546,267.46358073991865,271.8895263671875,47014600
2026-02-25 05:00:00+00:00,271.5298429675081,274.6869380517792,270.8005039088116,273.97760009765625,33714300
2026-02-26 05:00:00+00:00,274.6969199809464,275.8558253670768,270.55071567552415,272.6987609863281,32345100
2026-02-27 05:00:00+00:00,272.5588900215503,272.5588900215503,262.6480379442022,263.93682861328125,72366500
2026-03-02 05:00:00+00:00,262.16844722421786,266.2846497598317,259.960490133898,264.476318359375,41827900
2026-03-03 05:00:00+00:00,263.23749216234586,265.31556422164516,259.8905695547566,263.5072326660156,38568900
2026-03-04 05:00:00+00:00,264.4063951364299,265.9050144519466,261.179387723623,262.2783508300781,39803100
2026-03-05 05:00:00+00:00,260.54995479568396,261.3192350446657,257.01320478174756,260.0504150390625,49658600
2026-03-06 05:00:00+00:00,258.39192833924307,258.53178361058343,254.13584003818684,257.2229919433594,41120000
2026-03-09 04:00:00+00:00,255.45463216869055,260.9095975388004,253.44647267699952,259.6407775878906,38218500
2026-03-10 04:00:00+00:00,257.4128391437035,262.2384104290217,256.71350175461305,260.58990478515625,30590800
2026-03-11 04:00:00+00:00,260.8496568052655,261.888707997661,259.3110658747261,260.5699157714844,26218900
2026-03-12 04:00:00+00:00,258.4219063383753,258.71164792954545,253.94601921584928,255.52456665039062,40794000
2026-03-13 04:00:00+00:00,255.24483747003174,256.0940459350445,249.29033192864068,249.8897705078125,36930000
2026-03-16 04:00:00+00:00,251.87794235419486,253.6563027081548,249.6499992581203,252.58729553222656,32074200
2026-03-17 04:00:00+00:00,252.72716690012706,254.89516767044782,251.94787083452104,253.99598693847656,32361600
2026-03-18 04:00:00+00:00,252.3974721128864,254.70534343896443,248.7708084606242,249.70994567871094,35757900
2026-03-19 04:00:00+00:00,249.17043241392184,251.5982036354298,247.0723745163624,248.73085021972656,34864100
2026-03-20 04:00:00+00:00,247.7517334570195,248.97061168291066,245.77356028907465,247.76173400878906,88331100
2026-03-23 04:00:00+00:00,253.73622734962268,254.3656523266213,250.0496214753341,251.25851440429688,40546100
2026-03-24 04:00:00+00:00,250.1195650925759,254.5954370944537,249.32029842391177,251.4083709716797,45152300
2026-03-25 04:00:00+00:00,253.86611511385965,254.76528059453105,251.3684162845015,252.38746643066406,28476700
2026-03-26 04:00:00+00:00,251.88793104116345,256.76344411909713,250.53918279672283,252.6572265625,41796700
2026-03-27 04:00:00+00:00,253.666280215245,255.2548282141602,247.8416601166152,248.57098388671875,47900000
2026-03-30 04:00:00+00:00,249.83982057534305,250.63907198816298,245.28400520065438,246.40298461914062,39446200
2026-03-31 04:00:00+00:00,247.6818040942864,255.24482803058763,246.87255213324852,253.55638122558594,49598100
2026-04-01 04:00:00+00:00,253.8461228128272,255.94418062939917,253.096813183035,255.3946990966797,40059400
2026-04-02 04:00:00+00:00,253.96601496217014,255.89424639361263,250.4192795609811,255.68443298339844,31289400
2026-04-06 04:00:00+00:00,256.27389167390277,261.9186847371787,256.2239194053331,258.6217041015625,29329900
2026-04-07 04:00:00+00:00,255.92421782448065,255.96418954301222,245.47383916108728,253.26666259765625,62148000
2026-04-08 04:00:00+00:00,258.2121146377317,259.51090582044134,256.29386854025813,258.66168212890625,41032800
2026-04-09 04:00:00+00:00,258.7615948993736,260.879638597066,255.8342992320816,260.2502136230469,28121600
2026-04-10 04:00:00+00:00,259.7406946341393,261.94865175168746,258.78155637925676,260.240234375,31291500
2026-04-13 04:00:00+00:00,259.49093671136296,259.9405042051452,256.4237552437805,258.96142578125,36234700
2026-04-14 04:00:00+00:00,259.01136264890187,261.68888841493145,256.9532612999924,258.59173583984375,48370700
2026-04-15 04:00:00+00:00,257.92237663273806,266.3146386359468,257.57269269729437,266.18475341796875,49913500
2026-04-16 04:00:00+00:00,266.55439590858066,266.91408037974617,261.0294875448873,263.15753173828125,43323100
2026-04-17 04:00:00+00:00,266.7142527536172,272.0493335842862,266.47448343207725,269.98126220703125,61436200
2026-04-20 04:00:00+00:00,270.08114756253855,274.0275237795767,270.04120633500696,272.79864501953125,36590200
2026-04-21 04:00:00+00:00,271.250098918132,272.5488901425708,265.1557075406741,265.9250183105469,50209800
2026-04-22 04:00:00+00:00,267.5734973129919,273.48803128351057,266.62435952726383,272.9185791015625,43249200
2026-04-23 04:00:00+00:00,274.79681820267325,275.5161566987003,271.39995382845746,273.1783142089844,33399600
2026-04-24 04:00:00+00:00,272.50893317942314,272.80864483253174,269.4017800912603,270.81048583984375,38157100
2026-04-27 04:00:00+00:00,265.84505761361925,268.1129570778125,264.8260075108844,267.3636474609375,41466800
2026-04-28 04:00:00+00:00,272.0893199684016,272.97851539952296,268.4127145556596,270.4608154296875,40018900
2026-04-29 04:00:00+00:00,267.3037117460274,270.7905199823619,266.7942019267937,269.92132568359375,30047900
2026-04-30 04:00:00+00:00,270.25102650288807,275.7459641951834,267.893213328058,271.1002502441406,91848200
2026-05-01 04:00:00+00:00,278.6032901046287,286.95561044034525,278.1137509144006,279.88214111328125,79915400
2026-05-04 04:00:00+00:00,279.4025768563376,280.3716851917065,274.60697695873915,276.5751647949219,46668400
2026-05-05 04:00:00+00:00,276.6750995896243,284.30808218316156,276.2455026895375,283.9184265136719,49311700
2026-05-06 04:00:00+00:00,281.66051049385584,287.76487170009636,280.8112868075762,287.245361328125,58336100
2026-05-07 04:00:00+00:00,289.00371711581823,291.8611003514943,285.5169394038565,287.1754150390625,45224300
2026-05-08 04:00:00+00:00,289.7430674686918,294.4886952888782,289.7330669166447,293.0500183105469,52692800
2026-05-11 04:00:00+00:00,291.9800109863281,293.8800048828125,290.2300109863281,292.67999267578125,42247300
2026-05-12 04:00:00+00:00,292.55999755859375,295.2699890136719,292.55999755859375,294.79998779296875,45748100
2026-05-13 04:00:00+00:00,293.5,300.9200134277344,293.5,298.8699951171875,52684300
2026-05-14 04:00:00+00:00,299.82000732421875,300.45001220703125,295.3800048828125,298.2099914550781,35324900
2026-05-15 04:00:00+00:00,297.8999938964844,303.20001220703125,296.5199890136719,300.2300109863281,54862800
2026-05-18 04:00:00+00:00,300.239990234375,300.6600036621094,294.9100036621094,297.8399963378906,34483000
2026-05-19 04:00:00+00:00,296.9700012207031,300.510009765625,296.3500061035156,298.9700012207031,42243600
2026-05-20 04:00:00+00:00,298.17999267578125,302.79998779296875,298.0799865722656,302.25,38229800
2026-05-21 04:00:00+00:00,301.05999755859375,305.5400085449219,300.3999938964844,304.989990234375,42965100
2026-05-22 04:00:00+00:00,306.1199951171875,311.3999938964844,305.8399963378906,308.82000732421875,43670200
2026-05-26 04:00:00+00:00,309.55999755859375,311.82000732421875,307.6700134277344,308.3299865722656,48000500
2026-05-27 04:00:00+00:00,308.3299865722656,313.260009765625,308.29998779296875,310.8500061035156,50430900
2026-05-28 04:00:00+00:00,310.67999267578125,312.79998779296875,309.57000732421875,312.510009765625,48220400
2026-05-29 04:00:00+00:00,311.7799987792969,315.0,309.5299987792969,312.05999755859375,70026800
2026-06-01 04:00:00+00:00,309.6300048828125,310.94000244140625,305.0199890136719,306.30999755859375,48849900
2026-06-02 04:00:00+00:00,307.4599914550781,315.45001220703125,306.69000244140625,315.20001220703125,44534700
2026-06-03 04:00:00+00:00,314.17999267578125,316.94000244140625,308.8500061035156,310.260009765625,50836700
2026-06-04 04:00:00+00:00,313.2300109863281,313.5400085449219,309.6499938964844,311.2300109863281,44869100
2026-06-05 04:00:00+00:00,312.8599853515625,315.1700134277344,307.1499938964844,307.3399963378906,65310500
2026-06-08 04:00:00+00:00,308.739990234375,317.3999938964844,301.1700134277344,301.5400085449219,77949100
2026-06-09 04:00:00+00:00,300.2799987792969,300.75,287.7799987792969,290.54998779296875,70108800
2026-06-10 04:00:00+00:00,290.739990234375,294.75,287.3800048828125,291.5799865722656,52793300
2026-06-11 04:00:00+00:00,293.7200012207031,297.0,289.5899963378906,295.6300048828125,42572500
2026-06-12 04:00:00+00:00,296.0299987792969,297.1400146484375,289.6199951171875,291.1300048828125,38742100
2026-06-15 04:00:00+00:00,294.1199951171875,297.7799987792969,291.70001220703125,296.4200134277344,45732600
2026-06-16 04:00:00+00:00,295.25,300.4800109863281,293.9700012207031,299.239990234375,39874400
2026-06-17 04:00:00+00:00,300.8500061035156,302.07000732421875,294.3599853515625,295.95001220703125,42745100
2026-06-18 04:00:00+00:00,298.1099853515625,300.57000732421875,295.6199951171875,298.010009765625,85962200
2026-06-22 04:00:00+00:00,297.30999755859375,302.4200134277344,296.760009765625,297.010009765625,44879900
2026-06-23 04:00:00+00:00,297.5400085449219,301.6400146484375,294.17999267578125,294.29998779296875,52010900
2026-06-24 04:00:00+00:00,295.3599853515625,299.70001220703125,292.94000244140625,293.0799865722656,53081900
2026-06-25 04:00:00+00:00,287.3999938964844,288.79998779296875,273.75,275.1499938964844,107013700
2026-06-26 04:00:00+00:00,275.0,285.95001220703125,274.2099914550781,283.7799987792969,261775500
2026-06-29 04:00:00+00:00,286.7300109863281,288.3699951171875,279.8500061035156,281.739990234375,66427000
2026-06-30 04:00:00+00:00,281.1700134277344,289.94000244140625,280.70001220703125,289.3599853515625,65100200
2026-07-01 04:00:00+00:00,293.44000244140625,296.5899963378906,289.20001220703125,294.3800048828125,50164200
2026-07-02 04:00:00+00:00,294.1199951171875,309.4200134277344,293.67999267578125,308.6300048828125,75352800
2026-07-06 04:00:00+00:00,307.67999267578125,314.20001220703125,307.010009765625,312.6600036621094,49130304
